<?xml version="1.0" encoding="UTF-8"?>
<beans xmlns="http://www.springframework.org/schema/beans"
	xmlns:xsi="http://www.w3.org/2001/XMLSchema-instance"
	xmlns:p="http://www.springframework.org/schema/p"
	xmlns:tx="http://www.springframework.org/schema/tx"
	xmlns:jdbc="http://www.springframework.org/schema/jdbc"
	xmlns:jpa="http://www.springframework.org/schema/data/jpa"
	xsi:schemaLocation="http://www.springframework.org/schema/jdbc http://www.springframework.org/schema/jdbc/spring-jdbc-3.1.xsd
		http://www.springframework.org/schema/beans http://www.springframework.org/schema/beans/spring-beans-3.1.xsd
		http://www.springframework.org/schema/data/jpa http://www.springframework.org/schema/data/jpa/spring-jpa-1.1.xsd
		http://www.springframework.org/schema/tx http://www.springframework.org/schema/tx/spring-tx-3.1.xsd">

	<bean id="dataSource" class="org.apache.commons.dbcp.BasicDataSource" destroy-method="close"
			p:driverClassName="${jdbc.driverClassName}"
			p:url="${jdbc.url}"
			p:username="${jdbc.user}"
			p:password="${jdbc.password}"
			p:initialSize="5"
			p:maxActive="5"
			p:minIdle="5"
			p:maxIdle="5"
			p:maxWait="-1"
			p:removeAbandoned="true"
			p:removeAbandonedTimeout="60" 
			p:logAbandoned="true" />	
		
	<bean id="jpaAdapter" class="org.springframework.orm.jpa.vendor.HibernateJpaVendorAdapter"
			p:databasePlatform="org.hibernate.dialect.MySQL5Dialect"
			p:showSql="true"
			p:generateDdl="true" />
	
	<bean id="entityManagerFactory" class="org.springframework.orm.jpa.LocalContainerEntityManagerFactoryBean"
			p:dataSource-ref="dataSource"
			p:packagesToScan="com.hansung.treeze.model"
			p:jpaVendorAdapter-ref="jpaAdapter">
			
		<property name="jpaProperties">
	        <props>
	            <prop key="hibernate.hbm2ddl.auto">update</prop>
	            <prop key="hibernate.format_sql">true</prop>
	        </props>
	    </property>
	</bean>
			
	<bean id="transactionManager" class="org.springframework.orm.jpa.JpaTransactionManager">
        <property name="entityManagerFactory" ref="entityManagerFactory" />
    </bean>    
    
    <tx:annotation-driven transaction-manager="transactionManager"/>
	
	<jpa:repositories base-package="com.hansung.treeze.persistence" />
</beans>





