<?xml version="1.0" encoding="UTF-8"?>
<beans xmlns="http://www.springframework.org/schema/beans"
	xmlns:xsi="http://www.w3.org/2001/XMLSchema-instance"
	xmlns:context="http://www.springframework.org/schema/context"
		xsi:schemaLocation="http://www.springframework.org/schema/beans http://www.springframework.org/schema/beans/spring-beans-3.1.xsd
		http://www.springframework.org/schema/context http://www.springframework.org/schema/context/spring-context-3.1.xsd">
	
	<!-- Root Context: defines shared resources visible to all other web components -->
		<import resource="classpath:META-INF/spring/properties.xml" />
	<import resource="classpath:META-INF/spring/data.xml" />

	
	<context:component-scan base-package="com.hansung.treeze" >
		<context:exclude-filter type="annotation" expression="org.springframework.stereotype.Controller"/>
	</context:component-scan>
	
	 
	<bean id="multipartResolver" class="org.springframework.web.multipart.commons.CommonsMultipartResolver">
		<property name="maxUploadSize">
			<value>104857600</value> <!-- 100M -->
		</property>
    	<property name="uploadTempDir" ref="uploadDirResource" />
	</bean>
	
	<bean id="uploadDirResource" class="org.springframework.core.io.FileSystemResource">
	    <constructor-arg>
	       <value>${file.upload.path}</value>
	    </constructor-arg>
 	</bean>
</beans>
